00001.jpg,yellow
00002.jpg,white_silver
00003.jpg,black
00004.jpg,black
00005.jpg,white_silver
00006.jpg,black
00007.jpg,blue_cyan
00008.jpg,yellow
00009.jpg,black
000010.jpg,black
00011.jpg,black
00012.jpg,blue_cyan
00013.jpg,yellow
00014.jpg,red
00015.jpg,yellow
00016.jpg,white_silver
00017.jpg,black
00018.jpg,black
00019.jpg,black
00020.jpg,black
00021.jpg,yellow
00022.jpg,black
00023.jpg,black
00024.jpg,red
00025.jpg,black
00026.jpg,red
00027.jpg,red
00028.jpg,black
00029.jpg,white_silver
00030.jpg,white_silver
00031.jpg,black
00032.jpg,black
00033.jpg,black
00034.jpg,blue_cyan
00035.jpg,black
00036.jpg,black
00037.jpg,black
00038.jpg,black
00039.jpg,white_silver
00040.jpg,black
00041.jpg,red
00042.jpg,blue_cyan
00043.jpg,yellow
00044.jpg,black
00045.jpg,black
00046.jpg,white_silver
00047.jpg,black
00048.jpg,black
00049.jpg,blue_cyan
00050.jpg,black
00051.jpg,black
00052.jpg,black
00053.jpg,black
00054.jpg,blue_cyan
00055.jpg,black
00056.jpg,black
00057.jpg,red
00058.jpg,black
00059.jpg,white_silver
00060.jpg,black
00061.jpg,white_silver
00062.jpg,white_silver
00063.jpg,black
00064.jpg,black
00065.jpg,black
00066.jpg,black
00067.jpg,black
00068.jpg,red
00069.jpg,black
00070.jpg,blue_cyan
00071.jpg,black
00072.jpg,black
00073.jpg,black
00074.jpg,black
00075.jpg,black
00076.jpg,black
00077.jpg,black
00078.jpg,black
00079.jpg,yellow
00080.jpg,black
00081.jpg,black
00082.jpg,black
00083.jpg,white_silver
00084.jpg,black
00085.jpg,black
00086.jpg,yellow
00087.jpg,black
00088.jpg,red
00089.jpg,white_silver
00090.jpg,black
00091.jpg,yellow
00092.jpg,black
00093.jpg,blue_cyan
00094.jpg,black
00095.jpg,white_silver
00096.jpg,blue_cyan
00097.jpg,black
00098.jpg,yellow
00099.jpg,blue_cyan
